{
  "num_images": 64,
  "mean_pearson": -0.04115366259230055,
  "mean_spearman": -0.03968207881414647
}