{
  "num_images": 64,
  "mean_pearson": -0.04132765303729994,
  "mean_spearman": -0.04069562219774342
}