{
  "images_processed": 60,
  "fusion_statistics": {
    "total_images": 60,
    "total_pairs": 185,
    "chosen_orig": 97,
    "chosen_enh": 81,
    "fallback_orig": 7,
    "unmatched_orig": 89,
    "unmatched_enh": 78
  },
  "coco_metrics": {
    "original": {
      "mAP_50_95": 0.12074365986720971,
      "mAP_50": 0.18923373763707332,
      "mAP_75": 0.12992410323970158,
      "precision": 0.3080817099475519,
      "recall": 0.1344217189230948,
      "fpr": 0.12049457544275889,
      "fnr": 0.795310991663042,
      "f1": 0.17487069726244456,
      "num_predictions": 274,
      "num_gts": 881
    },
    "enhanced": {
      "mAP_50_95": 0.11829740823590451,
      "mAP_50": 0.18704654660373274,
      "mAP_75": 0.12504837621071768,
      "precision": 0.3041712454122469,
      "recall": 0.13159727340843108,
      "fpr": 0.1253278087833409,
      "fnr": 0.800380455530205,
      "f1": 0.16831720215751558,
      "num_predictions": 272,
      "num_gts": 881
    },
    "fused": {
      "mAP_50_95": 0.12717249750150242,
      "mAP_50": 0.20278824445733687,
      "mAP_75": 0.1390011773162671,
      "precision": 0.2695226393912264,
      "recall": 0.14921460337722822,
      "fpr": 0.17444493982531728,
      "fnr": 0.771682018914009,
      "f1": 0.17726944447746673,
      "num_predictions": 352,
      "num_gts": 881
    },
    "naive_fused": {
      "mAP_50_95": 0.12847538968448644,
      "mAP_50": 0.2033944438135268,
      "mAP_75": 0.13845112890190123,
      "precision": 0.2671276177462984,
      "recall": 0.15017739575913147,
      "fpr": 0.17867816697454533,
      "fnr": 0.7708486855806799,
      "f1": 0.17751010547524876,
      "num_predictions": 361,
      "num_gts": 881
    }
  }
}